target,onehotencoder__x0_High,onehotencoder__x0_Low,onehotencoder__x0_Nominal,onehotencoder__x0_Very_High,onehotencoder__x1_High,onehotencoder__x1_Low,onehotencoder__x1_Nominal,onehotencoder__x1_Very_High,onehotencoder__x2_Extra_High,onehotencoder__x2_High,onehotencoder__x2_Low,onehotencoder__x2_Nominal,onehotencoder__x2_Very_High,onehotencoder__x3_Extra_High,onehotencoder__x3_High,onehotencoder__x3_Nominal,onehotencoder__x3_Very_High,onehotencoder__x4_Extra_High,onehotencoder__x4_High,onehotencoder__x4_Nominal,onehotencoder__x4_Very_High,onehotencoder__x5_High,onehotencoder__x5_Low,onehotencoder__x5_Nominal,onehotencoder__x6_High,onehotencoder__x6_Low,onehotencoder__x6_Nominal,onehotencoder__x7_High,onehotencoder__x7_Nominal,onehotencoder__x7_Very_High,onehotencoder__x8_High,onehotencoder__x8_Nominal,onehotencoder__x8_Very_High,onehotencoder__x9_High,onehotencoder__x9_Nominal,onehotencoder__x9_Very_High,onehotencoder__x10_High,onehotencoder__x10_Low,onehotencoder__x10_Nominal,onehotencoder__x11_High,onehotencoder__x11_Low,onehotencoder__x11_Nominal,onehotencoder__x11_Very_Low,onehotencoder__x12_High,onehotencoder__x12_Low,onehotencoder__x12_Nominal,onehotencoder__x12_Very_High,onehotencoder__x13_High,onehotencoder__x13_Low,onehotencoder__x13_Nominal,onehotencoder__x13_Very_High,onehotencoder__x13_Very_Low,onehotencoder__x14_High,onehotencoder__x14_Low,onehotencoder__x14_Nominal,LOC
278.0,0,0,1.0,0,1.0,0,0,0,0,0,0,0,1.0,0,0,1.0,0,0,0,1.0,0,0,1.0,0,0,0,1.0,1.0,0,0,0,1.0,0,0,0,1.0,0,1.0,0,0,0,1.0,0,1.0,0,0,0,0,0,1.0,0,0,0,1.0,0,70.0
1181.0,0,0,0,1.0,1.0,0,0,0,0,1.0,0,0,0,0,0,0,1.0,0,0,0,1.0,0,0,1.0,0,0,1.0,0,0,1.0,0,0,1.0,0,0,1.0,0,0,1.0,1.0,0,0,0,1.0,0,0,0,1.0,0,0,0,0,0,1.0,0,227.0
1248.0,0,0,1.0,0,1.0,0,0,0,0,1.0,0,0,0,0,0,0,1.0,0,1.0,0,0,0,1.0,0,1.0,0,0,1.0,0,0,0,1.0,0,1.0,0,0,0,1.0,0,1.0,0,0,0,1.0,0,0,0,0,0,1.0,0,0,0,1.0,0,177.9
480.0,1.0,0,0,0,0,1.0,0,0,0,1.0,0,0,0,0,0,1.0,0,0,0,1.0,0,0,1.0,0,0,1.0,0,0,1.0,0,0,1.0,0,0,1.0,0,0,0,1.0,1.0,0,0,0,1.0,0,0,0,0,0,1.0,0,0,0,1.0,0,115.8
120.0,1.0,0,0,0,0,1.0,0,0,0,1.0,0,0,0,0,0,1.0,0,0,0,1.0,0,0,1.0,0,0,1.0,0,0,1.0,0,0,1.0,0,0,1.0,0,0,0,1.0,1.0,0,0,0,1.0,0,0,0,0,0,1.0,0,0,0,1.0,0,29.5
60.0,1.0,0,0,0,0,1.0,0,0,0,1.0,0,0,0,0,0,1.0,0,0,0,1.0,0,0,1.0,0,0,1.0,0,0,1.0,0,0,1.0,0,0,1.0,0,0,0,1.0,1.0,0,0,0,1.0,0,0,0,0,0,1.0,0,0,0,1.0,0,19.7
300.0,1.0,0,0,0,0,1.0,0,0,0,1.0,0,0,0,0,0,1.0,0,0,0,1.0,0,0,1.0,0,0,1.0,0,0,1.0,0,0,1.0,0,0,1.0,0,0,0,1.0,1.0,0,0,0,1.0,0,0,0,0,0,1.0,0,0,0,1.0,0,66.6
18.0,1.0,0,0,0,0,1.0,0,0,0,1.0,0,0,0,0,0,1.0,0,0,0,1.0,0,0,1.0,0,0,1.0,0,0,1.0,0,0,1.0,0,0,1.0,0,0,0,1.0,1.0,0,0,0,1.0,0,0,0,0,0,1.0,0,0,0,1.0,0,5.5
50.0,1.0,0,0,0,0,1.0,0,0,0,1.0,0,0,0,0,0,1.0,0,0,0,1.0,0,0,1.0,0,0,1.0,0,0,1.0,0,0,1.0,0,0,1.0,0,0,0,1.0,1.0,0,0,0,1.0,0,0,0,0,0,1.0,0,0,0,1.0,0,10.4
60.0,1.0,0,0,0,0,1.0,0,0,0,1.0,0,0,0,0,0,1.0,0,0,0,1.0,0,0,1.0,0,0,1.0,0,0,1.0,0,0,1.0,0,0,1.0,0,0,0,1.0,1.0,0,0,0,1.0,0,0,0,0,0,1.0,0,0,0,1.0,0,14.0
114.0,0,0,1.0,0,0,0,1.0,0,0,1.0,0,0,0,0,1.0,0,0,0,0,1.0,0,0,0,1.0,0,0,1.0,0,1.0,0,0,1.0,0,0,1.0,0,0,0,1.0,0,0,1.0,0,0,0,1.0,0,0,0,1.0,0,0,0,0,1.0,16.0
42.0,1.0,0,0,0,0,0,1.0,0,0,1.0,0,0,0,0,0,1.0,0,0,0,1.0,0,0,0,1.0,0,0,1.0,0,1.0,0,0,1.0,0,0,1.0,0,0,0,1.0,0,0,1.0,0,0,0,1.0,0,0,0,1.0,0,0,0,0,1.0,6.5
60.0,0,0,1.0,0,0,0,1.0,0,0,1.0,0,0,0,0,0,1.0,0,0,0,1.0,0,0,0,1.0,0,0,1.0,0,1.0,0,0,1.0,0,0,1.0,0,0,0,1.0,0,0,1.0,0,0,0,1.0,0,0,0,1.0,0,0,0,0,1.0,13.0
42.0,0,0,1.0,0,0,0,1.0,0,0,1.0,0,0,0,0,0,1.0,0,0,0,1.0,0,0,0,1.0,0,0,1.0,0,1.0,0,0,1.0,0,0,1.0,0,0,0,1.0,0,0,1.0,0,0,0,1.0,0,0,0,1.0,0,0,0,0,1.0,8.0
450.0,0,0,1.0,0,0,0,1.0,0,0,1.0,0,0,0,0,0,1.0,0,0,0,1.0,0,0,0,1.0,0,0,1.0,0,1.0,0,0,1.0,0,1.0,0,0,0,0,1.0,1.0,0,0,0,1.0,0,0,0,1.0,0,0,0,0,0,0,1.0,90.0
90.0,1.0,0,0,0,0,0,1.0,0,0,0,0,1.0,0,0,1.0,0,0,0,0,1.0,0,0,0,1.0,0,0,1.0,0,1.0,0,1.0,0,0,1.0,0,0,0,0,1.0,0,0,1.0,0,0,0,1.0,0,0,0,1.0,0,0,0,0,1.0,15.0
210.0,1.0,0,0,0,0,0,1.0,0,0,1.0,0,0,0,0,0,1.0,0,0,0,1.0,0,0,0,1.0,0,0,1.0,0,1.0,0,1.0,0,0,1.0,0,0,0,0,1.0,0,0,1.0,0,0,0,1.0,0,0,0,1.0,0,0,0,0,1.0,38.0
48.0,0,0,1.0,0,0,0,1.0,0,0,0,0,1.0,0,0,0,1.0,0,0,0,1.0,0,0,0,1.0,0,0,1.0,0,1.0,0,1.0,0,0,1.0,0,0,0,0,1.0,0,0,1.0,0,0,0,1.0,0,0,0,1.0,0,0,0,0,1.0,10.0
815.0,0,0,1.0,0,0,0,0,1.0,0,1.0,0,0,0,0,0,0,1.0,0,0,0,1.0,0,1.0,0,1.0,0,0,0,0,1.0,1.0,0,0,0,1.0,0,0,1.0,0,1.0,0,0,0,0,0,0,1.0,0,0,0,1.0,0,0,1.0,0,161.1
239.0,0,0,1.0,0,0,0,0,1.0,0,1.0,0,0,0,0,0,0,1.0,0,0,0,1.0,0,1.0,0,1.0,0,0,0,0,1.0,1.0,0,0,0,1.0,0,0,1.0,0,1.0,0,0,0,0,0,0,1.0,0,0,0,1.0,0,0,1.0,0,48.5
170.0,0,0,1.0,0,0,0,0,1.0,0,1.0,0,0,0,0,0,0,1.0,0,0,0,1.0,0,1.0,0,1.0,0,0,0,0,1.0,1.0,0,0,0,1.0,0,0,1.0,0,1.0,0,0,0,0,0,0,1.0,0,0,0,1.0,0,0,1.0,0,32.6
62.0,0,0,1.0,0,0,0,0,1.0,0,1.0,0,0,0,0,0,0,1.0,0,0,0,1.0,0,1.0,0,1.0,0,0,0,0,1.0,1.0,0,0,0,1.0,0,0,1.0,0,1.0,0,0,0,0,0,0,1.0,0,0,0,1.0,0,0,1.0,0,12.8
70.0,0,0,1.0,0,0,0,0,1.0,0,1.0,0,0,0,0,0,0,1.0,0,0,0,1.0,0,1.0,0,1.0,0,0,0,0,1.0,1.0,0,0,0,1.0,0,0,1.0,0,1.0,0,0,0,0,0,0,1.0,0,0,0,1.0,0,0,1.0,0,15.4
82.0,0,0,1.0,0,0,0,0,1.0,0,1.0,0,0,0,0,0,0,1.0,0,0,0,1.0,0,1.0,0,1.0,0,0,0,0,1.0,1.0,0,0,0,1.0,0,0,1.0,0,1.0,0,0,0,0,0,0,1.0,0,0,0,1.0,0,0,1.0,0,16.3
192.0,0,0,1.0,0,0,0,0,1.0,0,1.0,0,0,0,0,0,0,1.0,0,0,0,1.0,0,1.0,0,1.0,0,0,0,0,1.0,1.0,0,0,0,1.0,0,0,1.0,0,1.0,0,0,0,0,0,0,1.0,0,0,0,1.0,0,0,1.0,0,35.5
117.6,1.0,0,0,0,0,1.0,0,0,0,1.0,0,0,0,0,0,1.0,0,0,0,1.0,0,0,1.0,0,0,1.0,0,0,1.0,0,0,1.0,0,0,1.0,0,0,0,1.0,1.0,0,0,0,1.0,0,0,0,0,0,1.0,0,0,0,1.0,0,25.9
117.6,1.0,0,0,0,0,1.0,0,0,0,1.0,0,0,0,0,0,1.0,0,0,0,1.0,0,0,1.0,0,0,1.0,0,0,1.0,0,0,1.0,0,0,1.0,0,0,0,1.0,1.0,0,0,0,1.0,0,0,0,0,0,1.0,0,0,0,1.0,0,24.6
31.2,1.0,0,0,0,0,1.0,0,0,0,1.0,0,0,0,0,0,1.0,0,0,0,1.0,0,0,1.0,0,0,1.0,0,0,1.0,0,0,1.0,0,0,1.0,0,0,0,1.0,1.0,0,0,0,1.0,0,0,0,0,0,1.0,0,0,0,1.0,0,7.7
25.2,1.0,0,0,0,0,1.0,0,0,0,1.0,0,0,0,0,0,1.0,0,0,0,1.0,0,0,1.0,0,0,1.0,0,0,1.0,0,0,1.0,0,0,1.0,0,0,0,1.0,1.0,0,0,0,1.0,0,0,0,0,0,1.0,0,0,0,1.0,0,9.7
8.4,1.0,0,0,0,0,1.0,0,0,0,1.0,0,0,0,0,0,1.0,0,0,0,1.0,0,0,1.0,0,0,1.0,0,0,1.0,0,0,1.0,0,0,1.0,0,0,0,1.0,1.0,0,0,0,1.0,0,0,0,0,0,1.0,0,0,0,1.0,0,2.2
10.8,1.0,0,0,0,0,1.0,0,0,0,1.0,0,0,0,0,0,1.0,0,0,0,1.0,0,0,1.0,0,0,1.0,0,0,1.0,0,0,1.0,0,0,1.0,0,0,0,1.0,1.0,0,0,0,1.0,0,0,0,0,0,1.0,0,0,0,1.0,0,3.5
36.0,1.0,0,0,0,0,1.0,0,0,0,1.0,0,0,0,0,0,1.0,0,0,0,1.0,0,0,1.0,0,0,1.0,0,0,1.0,0,0,1.0,0,0,1.0,0,0,0,1.0,1.0,0,0,0,1.0,0,0,0,0,0,1.0,0,0,0,1.0,0,8.2
352.8,1.0,0,0,0,0,1.0,0,0,0,1.0,0,0,0,0,0,1.0,0,0,0,1.0,0,0,1.0,0,0,1.0,0,0,1.0,0,0,1.0,0,0,1.0,0,0,0,1.0,1.0,0,0,0,1.0,0,0,0,0,0,1.0,0,0,0,1.0,0,66.6
324.0,0,0,1.0,0,0,1.0,0,0,0,1.0,0,0,0,0,0,1.0,0,1.0,0,0,0,0,1.0,0,0,1.0,0,1.0,0,0,0,0,1.0,0,0,1.0,0,0,1.0,1.0,0,0,0,0,0,1.0,0,0,0,1.0,0,0,0,0,1.0,150.0
360.0,0,0,1.0,0,0,1.0,0,0,0,1.0,0,0,0,0,0,1.0,0,0,0,1.0,0,0,1.0,0,0,1.0,0,1.0,0,0,0,1.0,0,0,1.0,0,0,0,1.0,0,0,0,1.0,0,0,1.0,0,0,0,1.0,0,0,0,0,1.0,100.0
215.0,0,0,1.0,0,0,1.0,0,0,0,1.0,0,0,0,0,0,1.0,0,0,0,1.0,0,1.0,0,0,0,1.0,0,1.0,0,0,1.0,0,0,1.0,0,0,0,1.0,0,0,0,0,1.0,0,0,1.0,0,0,0,1.0,0,0,0,0,1.0,100.0
360.0,0,0,1.0,0,0,1.0,0,0,0,1.0,0,0,0,0,0,1.0,0,0,0,1.0,0,0,1.0,0,0,1.0,0,1.0,0,0,0,0,1.0,0,0,1.0,0,0,1.0,1.0,0,0,0,0,0,1.0,0,0,0,1.0,0,0,0,0,1.0,100.0
48.0,0,0,1.0,0,0,1.0,0,0,0,1.0,0,0,0,0,0,1.0,0,0,0,1.0,0,0,1.0,0,0,1.0,0,1.0,0,0,0,0,1.0,1.0,0,0,0,0,1.0,1.0,0,0,0,0,0,1.0,0,0,0,1.0,0,0,0,0,1.0,15.0
60.0,0,0,1.0,0,0,1.0,0,0,0,1.0,0,0,0,0,0,1.0,0,1.0,0,0,0,0,1.0,0,0,1.0,0,1.0,0,0,1.0,0,0,0,1.0,0,0,0,1.0,1.0,0,0,0,0,0,1.0,0,0,0,1.0,0,0,0,0,1.0,32.5
60.0,0,0,1.0,0,0,1.0,0,0,0,1.0,0,0,0,0,0,1.0,0,0,0,1.0,0,0,1.0,0,0,1.0,0,1.0,0,0,1.0,0,0,1.0,0,0,0,0,1.0,1.0,0,0,0,0,0,1.0,0,0,0,1.0,0,0,0,0,1.0,31.5
24.0,0,0,1.0,0,0,1.0,0,0,0,1.0,0,0,0,0,0,1.0,0,0,0,1.0,0,0,1.0,0,0,1.0,0,1.0,0,0,0,0,1.0,1.0,0,0,0,0,1.0,1.0,0,0,0,0,0,1.0,0,0,0,1.0,0,0,0,0,1.0,6.0
36.0,0,0,1.0,0,0,1.0,0,0,0,1.0,0,0,0,0,0,1.0,0,0,0,1.0,0,0,1.0,0,0,1.0,0,1.0,0,0,0,0,1.0,0,1.0,0,0,0,1.0,0,1.0,0,0,0,0,1.0,0,0,0,1.0,0,0,0,0,1.0,11.3
72.0,0,0,1.0,0,0,1.0,0,0,0,1.0,0,0,0,0,0,1.0,0,0,0,1.0,0,0,1.0,0,0,1.0,0,1.0,0,0,0,0,1.0,0,0,1.0,0,0,1.0,1.0,0,0,0,0,0,1.0,0,0,0,1.0,0,0,0,0,1.0,20.0
48.0,0,0,1.0,0,0,1.0,0,0,0,1.0,0,0,0,0,0,1.0,0,0,0,1.0,0,0,1.0,0,0,1.0,0,1.0,0,0,0,0,1.0,1.0,0,0,0,0,1.0,1.0,0,0,0,0,0,1.0,0,0,0,1.0,0,0,0,0,1.0,20.0
72.0,1.0,0,0,0,0,1.0,0,0,0,1.0,0,0,0,1.0,0,0,0,1.0,0,0,0,0,1.0,0,1.0,0,0,1.0,0,0,1.0,0,0,1.0,0,0,0,0,1.0,1.0,0,0,0,1.0,0,0,0,1.0,0,0,0,0,0,0,1.0,7.5
2400.0,1.0,0,0,0,0,1.0,0,0,0,1.0,0,0,0,0,0,1.0,0,0,0,1.0,0,0,1.0,0,0,1.0,0,0,1.0,0,0,1.0,0,1.0,0,0,0,0,1.0,0,0,1.0,0,1.0,0,0,0,0,0,0,0,1.0,0,0,1.0,302.0
3240.0,1.0,0,0,0,0,0,1.0,0,0,1.0,0,0,0,0,1.0,0,0,0,1.0,0,0,0,1.0,0,1.0,0,0,0,1.0,0,1.0,0,0,0,1.0,0,0,0,1.0,0,0,1.0,0,0,1.0,0,0,0,0,0,1.0,0,0,0,1.0,370.0
2120.0,1.0,0,0,0,0,0,1.0,0,0,1.0,0,0,0,0,1.0,0,0,0,1.0,0,0,0,1.0,0,1.0,0,0,0,1.0,0,1.0,0,0,0,1.0,0,0,0,1.0,0,0,1.0,0,0,1.0,0,0,0,0,0,1.0,0,0,0,1.0,219.0
370.0,1.0,0,0,0,0,0,1.0,0,0,1.0,0,0,0,0,1.0,0,0,0,1.0,0,0,0,1.0,0,1.0,0,0,0,1.0,0,1.0,0,0,0,1.0,0,0,0,1.0,0,0,1.0,0,0,1.0,0,0,0,0,0,1.0,0,0,0,1.0,50.0
750.0,1.0,0,0,0,0,0,1.0,0,0,0,0,0,1.0,0,1.0,0,0,0,1.0,0,0,0,1.0,0,1.0,0,0,1.0,0,0,0,1.0,0,0,1.0,0,1.0,0,0,1.0,0,0,0,0,1.0,0,0,0,0,0,1.0,0,1.0,0,0,101.0
420.0,0,0,1.0,0,0,0,1.0,0,0,0,0,1.0,0,0,0,1.0,0,0,0,1.0,0,0,1.0,0,0,0,1.0,1.0,0,0,0,0,1.0,0,0,1.0,0,1.0,0,1.0,0,0,0,1.0,0,0,0,0,0,1.0,0,0,0,0,1.0,190.0
252.0,0,0,1.0,0,0,0,1.0,0,0,1.0,0,0,0,0,0,1.0,0,0,1.0,0,0,0,0,1.0,0,0,1.0,1.0,0,0,1.0,0,0,0,1.0,0,0,0,1.0,1.0,0,0,0,1.0,0,0,0,0,0,1.0,0,0,1.0,0,0,47.5
107.0,0,0,0,1.0,0,0,1.0,0,1.0,0,0,0,0,0,1.0,0,0,0,1.0,0,0,0,1.0,0,0,1.0,0,0,1.0,0,1.0,0,0,0,1.0,0,0,0,1.0,0,0,1.0,0,0,1.0,0,0,1.0,0,0,0,0,0,0,1.0,21.0
2300.0,0,1.0,0,0,0,0,1.0,0,0,0,0,1.0,0,0,0,1.0,0,0,0,1.0,0,0,1.0,0,0,1.0,0,1.0,0,0,1.0,0,0,0,0,1.0,0,0,1.0,1.0,0,0,0,0,1.0,0,0,0,1.0,0,0,0,1.0,0,0,423.0
400.0,1.0,0,0,0,1.0,0,0,0,0,0,0,1.0,0,0,0,1.0,0,0,0,1.0,0,0,1.0,0,0,1.0,0,0,1.0,0,1.0,0,0,1.0,0,0,0,0,1.0,1.0,0,0,0,0,0,1.0,0,0,0,1.0,0,0,0,0,1.0,79.0
973.0,1.0,0,0,0,1.0,0,0,0,0,0,1.0,0,0,0,0,1.0,0,0,0,1.0,0,0,0,1.0,1.0,0,0,1.0,0,0,1.0,0,0,0,1.0,0,0,0,1.0,0,0,1.0,0,1.0,0,0,0,0,0,1.0,0,0,0,0,1.0,284.7
1368.0,0,0,1.0,0,1.0,0,0,0,0,0,1.0,0,0,0,0,1.0,0,0,0,1.0,0,1.0,0,0,0,0,1.0,1.0,0,0,1.0,0,0,0,1.0,0,0,0,1.0,0,0,1.0,0,1.0,0,0,0,1.0,0,0,0,0,0,0,1.0,282.1
571.4,0,0,1.0,0,1.0,0,0,0,0,1.0,0,0,0,0,0,0,1.0,0,0,1.0,0,0,0,1.0,1.0,0,0,1.0,0,0,1.0,0,0,1.0,0,0,0,0,1.0,1.0,0,0,0,0,1.0,0,0,0,1.0,0,0,0,1.0,0,0,78.0
98.8,0,0,1.0,0,1.0,0,0,0,0,1.0,0,0,0,0,0,0,1.0,0,0,1.0,0,0,0,1.0,1.0,0,0,1.0,0,0,1.0,0,0,1.0,0,0,0,0,1.0,1.0,0,0,0,0,1.0,0,0,0,1.0,0,0,0,1.0,0,0,11.4
155.0,0,0,1.0,0,1.0,0,0,0,0,1.0,0,0,0,0,0,0,1.0,0,0,1.0,0,0,0,1.0,1.0,0,0,1.0,0,0,1.0,0,0,1.0,0,0,0,0,1.0,1.0,0,0,0,0,1.0,0,0,0,1.0,0,0,0,1.0,0,0,19.3
